<?xml version="1.0" encoding="utf-8"?>
<install type="module" version="1.5.0">
	<name>Zitate von zitat-service.de</name>
	<author>Heiko Lübbe</author>
	<creationDate>10. Dezember 2010</creationDate>
	<copyright>Heiko Lübbe</copyright>
	<license>Open Source</license>
	<authorEmail>heiko.luebbe@zitat-service.de</authorEmail>
	<authorUrl>www.zitat-service.de/joomla</authorUrl>
	<version>1.2.1</version>
	<description>Zeigt ein Zufalls-Zitat von www.zitat-service.de an. Die Zitatauswahl kann auf einen Autor, eine Kategorie oder die eigene Sammlung eingeschänkt werden.</description>
	<files>
		<filename module="mod_zitat_service">mod_zitat_service.php</filename>
        <filename>index.html</filename>
        <filename>tmpl/default.php</filename>
        <filename>tmpl/index.html</filename>
        <filename>js/lazyload-min.js</filename>
	</files>
    <params>
        <param name="mod_zitat_service_author" type="text" default="" label="Nur Zitate von einem Autor" description="Nachname des gewünschten Autors eingeben, z.B. Goethe.">
        </param>
        <param name="mod_zitat_service_category" type="text" default="" label="Nur Zitate aus einer Kategorie" description="Nachname der gewünschten Kategorie eingeben, z.B. Liebe.">
        </param>
        <param name="mod_zitat_service_user" type="text" default="" label="Nur Zitate von einem Benutzer" description="Den gewünschten Benutzernamen eingeben, z.B. ina.">
        </param>
        <param name="mod_zitat_service_window" type="text" default="" label="Neues Fenster für Links." description="Den gewünschten Fensternamen, z.B. quote.">
        </param>
        <param name="mod_zitat_service_script" type="radio" default="1" label="Abfragemethode" description="Asynchron das Zitat mit JavaScript holen ist schneller und zwingend notwendig bei dem Fehler 'failed to open stream' bei dem Joomla die Zitate-Website nicht öffnen kann (z.B. weil allow_url_fopen verboten ist).">
          <option value="0">Aus Joomla (langsamer)</option>
          <option value="1">Asynchron mit JavaScript im Web-Browser</option>
        </param>
        <param name="mod_zitat_service_height" type="text" default="" label="Höhe (CSS)" description="Es kann eine minimale Höhe des Moduls (z.B. 10ex oder 100px) angegeben werden.">
        </param>
    </params>
</install>
